id,ns1:name,ns1:id,ns1:scale,ns1:href,x,y,xunits,yunits,ns1:LabelStyle,ns1:color,ns1:width,ns1:color2,ns1:BalloonStyle,id3,ns1:key,ns1:styleUrl,id4,ns1:name5,ns1:open,ns1:styleUrl6,id7,ns1:name8,ns1:longitude,ns1:latitude,ns1:altitude,ns1:heading,ns1:tilt,ns2:fovy,ns1:range,ns1:altitudeMode,ns1:styleUrl9,ns1:coordinates
1LwIyjK85npCXRou8dCOKt_6zalaSv16c,5GPLAN_Google_Earth,__managed_style_28C6A1F4AD347FAAACD5,1.2,https://earth.google.com/earth/document/icon?color=1976d2&id=2000&scale=4,64,128,pixels,insetPixels,,ff2dc0fb,4.8,40ffffff,,,,,,,,,,,,,,,,,,,,
1LwIyjK85npCXRou8dCOKt_6zalaSv16c,5GPLAN_Google_Earth,__managed_style_1BBCEC5CCD347FAAACD5,,https://earth.google.com/earth/document/icon?color=1976d2&id=2000&scale=4,64,128,pixels,insetPixels,,ff2dc0fb,3.2,40ffffff,,,,,,,,,,,,,,,,,,,,
1LwIyjK85npCXRou8dCOKt_6zalaSv16c,5GPLAN_Google_Earth,,,,,,,,,,,,,__managed_style_0DA1C560CD347FAAACD5,normal,#__managed_style_1BBCEC5CCD347FAAACD5,,,,,,,,,,,,,,,,
1LwIyjK85npCXRou8dCOKt_6zalaSv16c,5GPLAN_Google_Earth,,,,,,,,,,,,,__managed_style_0DA1C560CD347FAAACD5,highlight,#__managed_style_28C6A1F4AD347FAAACD5,,,,,,,,,,,,,,,,
1LwIyjK85npCXRou8dCOKt_6zalaSv16c,5GPLAN_Google_Earth,,,,,,,,,,,,,,,,09A2105847347F8A3FCA,RRH,1,#__managed_style_0DA1C560CD347FAAACD5,00B53AA3F1347F9156CA,CATR9508A,0.479693782,41.66715783,301.3326543,0,0,34.99067409,7784.042846,absolute,#__managed_style_0DA1C560CD347FAAACD5,"0.4786058103656465,41.67439517320711,295.5129542826742"
1LwIyjK85npCXRou8dCOKt_6zalaSv16c,5GPLAN_Google_Earth,,,,,,,,,,,,,,,,09A2105847347F8A3FCA,RRH,1,#__managed_style_0DA1C560CD347FAAACD5,0AD449FC14347F9205FE,CATR5622A,0.48821937,41.67858656,292.0764393,0,0,34.99067409,5532.640562,absolute,#__managed_style_0DA1C560CD347FAAACD5,"0.4821253749419485,41.68647530068011,0"
1LwIyjK85npCXRou8dCOKt_6zalaSv16c,5GPLAN_Google_Earth,,,,,,,,,,,,,,,,09A2105847347F8A3FCA,RRH,1,#__managed_style_0DA1C560CD347FAAACD5,0687AFA167347F92F6FB,g,0.526373056,41.66548983,337.8141976,0,0,34.99067409,1140.749059,absolute,#__managed_style_0DA1C560CD347FAAACD5,"0.5254823213803772,41.66491278613402,339.0502890669384"
1LwIyjK85npCXRou8dCOKt_6zalaSv16c,5GPLAN_Google_Earth,,,,,,,,,,,,,,,,09A2105847347F8A3FCA,RRH,1,#__managed_style_0DA1C560CD347FAAACD5,04F59ED6B7347F95370F,2500193,0.557575513,41.66633095,249.4005031,0,0,34.99067409,610.7360474,absolute,#__managed_style_0DA1C560CD347FAAACD5,"0.5574858449359343,41.66595044116897,248.3561267638383"
1LwIyjK85npCXRou8dCOKt_6zalaSv16c,5GPLAN_Google_Earth,,,,,,,,,,,,,,,,09A2105847347F8A3FCA,RRH,1,#__managed_style_0DA1C560CD347FAAACD5,0C50F78540347FA1AFC0,CATR9804B,0.557904489,41.64125406,216.0526141,0,0,35,534.9715346,absolute,#__managed_style_0DA1C560CD347FAAACD5,"0.5562341774745372,41.6413607014881,237.2345893515532"
1LwIyjK85npCXRou8dCOKt_6zalaSv16c,5GPLAN_Google_Earth,,,,,,,,,,,,,,,,09A2105847347F8A3FCA,RRH,1,#__managed_style_0DA1C560CD347FAAACD5,03FE9EE225347F97036A,CATR5384A,0.570512065,41.66685333,238.9554923,0,0,34.99067409,1859.018877,absolute,#__managed_style_0DA1C560CD347FAAACD5,"0.5699561903185146,41.66742289511699,0"
1LwIyjK85npCXRou8dCOKt_6zalaSv16c,5GPLAN_Google_Earth,,,,,,,,,,,,,,,,09A2105847347F8A3FCA,RRH,1,#__managed_style_0DA1C560CD347FAAACD5,0DC7932C2D347FA1EEB9,2500079,0.557904489,41.64125406,216.0526141,0,0,35,534.9715346,absolute,#__managed_style_0DA1C560CD347FAAACD5,"0.5592397889191258,41.64085537177045,229.3411940845357"
1LwIyjK85npCXRou8dCOKt_6zalaSv16c,5GPLAN_Google_Earth,,,,,,,,,,,,,,,,09A2105847347F8A3FCA,RRH,1,#__managed_style_0DA1C560CD347FAAACD5,0F324E9F61347FA4BB64,2500227,0.60660234,41.66464323,189.872495,0,0,35,1113.174298,absolute,#__managed_style_0DA1C560CD347FAAACD5,"0.6053491222620466,41.66419732255933,191.9935302026251"
1LwIyjK85npCXRou8dCOKt_6zalaSv16c,5GPLAN_Google_Earth,,,,,,,,,,,,,,,,09A2105847347F8A3FCA,RRH,1,#__managed_style_0DA1C560CD347FAAACD5,0992308E10347FA67455,2500080,0.647122802,41.66045023,168.5425317,0,0,35,1486.18355,absolute,#__managed_style_0DA1C560CD347FAAACD5,"0.6510637962952548,41.66026499712935,168.1005101539284"
1LwIyjK85npCXRou8dCOKt_6zalaSv16c,5GPLAN_Google_Earth,,,,,,,,,,,,,,,,09A2105847347F8A3FCA,RRH,1,#__managed_style_0DA1C560CD347FAAACD5,04BEDDD8E7347FA57DDC,51951,0.608023692,41.66525181,191.8351758,0,0,35,1542.646592,absolute,#__managed_style_0DA1C560CD347FAAACD5,"0.6062830777575678,41.66687949730064,202.5680245957429"
1LwIyjK85npCXRou8dCOKt_6zalaSv16c,5GPLAN_Google_Earth,,,,,,,,,,,,,,,,09A2105847347F8A3FCA,RRH,1,#__managed_style_0DA1C560CD347FAAACD5,063EEB7DCE347FABAB56,2500345,0.692255528,41.64429327,231.6566133,0,0,35,280.9429364,absolute,#__managed_style_0DA1C560CD347FAAACD5,"0.6922486632854796,41.64418681188389,234.5630133626144"
1LwIyjK85npCXRou8dCOKt_6zalaSv16c,5GPLAN_Google_Earth,,,,,,,,,,,,,,,,09A2105847347F8A3FCA,RRH,1,#__managed_style_0DA1C560CD347FAAACD5,00FFEEA6E8347FAD3239,078977,0.690993558,41.65422843,179.014966,0,0,35,307.4815195,absolute,#__managed_style_0DA1C560CD347FAAACD5,"0.6902809720458936,41.65460798406813,180.6220801172899"
1LwIyjK85npCXRou8dCOKt_6zalaSv16c,5GPLAN_Google_Earth,,,,,,,,,,,,,,,,09A2105847347F8A3FCA,RRH,1,#__managed_style_0DA1C560CD347FAAACD5,01A58A351C347FACB72D,2500726,0.690993558,41.65422843,179.014966,0,0,35,307.4815195,absolute,#__managed_style_0DA1C560CD347FAAACD5,"0.6912004439818631,41.65415443522285,180.0085112978987"
1LwIyjK85npCXRou8dCOKt_6zalaSv16c,5GPLAN_Google_Earth,,,,,,,,,,,,,,,,09A2105847347F8A3FCA,RRH,1,#__managed_style_0DA1C560CD347FAAACD5,0940C79C33347FAEF16F,2500933,0.704774908,41.63253554,169.7422666,0,0,35,4756.674932,absolute,#__managed_style_0DA1C560CD347FAAACD5,"0.6960076740390275,41.62386764989858,169.7405137836528"
1LwIyjK85npCXRou8dCOKt_6zalaSv16c,5GPLAN_Google_Earth,,,,,,,,,,,,,,,,09A2105847347F8A3FCA,RRH,1,#__managed_style_0DA1C560CD347FAAACD5,0C3E569C7E347FAE6172,CATR5402A,0.708547081,41.63774243,172.9775234,0,0,35,5474.548598,absolute,#__managed_style_0DA1C560CD347FAAACD5,"0.6857246533798533,41.63763126656711,199.6107267549406"
1LwIyjK85npCXRou8dCOKt_6zalaSv16c,5GPLAN_Google_Earth,,,,,,,,,,,,,,,,09A2105847347F8A3FCA,RRH,1,#__managed_style_0DA1C560CD347FAAACD5,0AF10B80EF347FAF9881,00744,0.767061456,41.63329774,202.6171688,0,0,35,3311.164082,absolute,#__managed_style_0DA1C560CD347FAAACD5,"0.7770681939791579,41.63196753867252,200.4398735565939"
1LwIyjK85npCXRou8dCOKt_6zalaSv16c,5GPLAN_Google_Earth,,,,,,,,,,,,,,,,09A2105847347F8A3FCA,RRH,1,#__managed_style_0DA1C560CD347FAAACD5,03675C44CD347FB007F3,2500123,0.774192238,41.6314472,199.0519833,0,0,35,522.9475523,absolute,#__managed_style_0DA1C560CD347FAAACD5,"0.7749065943143552,41.63125983611267,199.0519431655401"
1LwIyjK85npCXRou8dCOKt_6zalaSv16c,5GPLAN_Google_Earth,,,,,,,,,,,,,,,,09A2105847347F8A3FCA,RRH,1,#__managed_style_0DA1C560CD347FAAACD5,0B3F2166D9347F9A3691,2500062,0.526681308,41.65220104,328.7594294,0,0,34.99067409,737.1409727,absolute,#__managed_style_0DA1C560CD347FAAACD5,"0.5255237389528689,41.6525449852712,329.1599078129939"
1LwIyjK85npCXRou8dCOKt_6zalaSv16c,5GPLAN_Google_Earth,,,,,,,,,,,,,,,,09A2105847347F8A3FCA,RRH,1,#__managed_style_0DA1C560CD347FAAACD5,0D3B75A69F347FBA23F6,CATR9813C,0.728541598,41.58437786,237.0680318,0,0,35,547.0634736,absolute,#__managed_style_0DA1C560CD347FAAACD5,"0.7274447822165042,41.58393473847209,235.22363512634"
1LwIyjK85npCXRou8dCOKt_6zalaSv16c,5GPLAN_Google_Earth,,,,,,,,,,,,,,,,09A2105847347F8A3FCA,RRH,1,#__managed_style_0DA1C560CD347FAAACD5,05C9280ED8347FA0F38A,2500972,0.567269846,41.64980122,226.1373649,0,0,34.99067409,90.95111335,absolute,#__managed_style_0DA1C560CD347FAAACD5,"0.5673111648626539,41.64973427722833,225.7962903489827"
1LwIyjK85npCXRou8dCOKt_6zalaSv16c,5GPLAN_Google_Earth,,,,,,,,,,,,,,,,09A2105847347F8A3FCA,RRH,1,#__managed_style_0DA1C560CD347FAAACD5,00287CA7BA347FBAD556,2500008,0.720127191,41.59350731,232.1228891,0,0,35,327.1870217,absolute,#__managed_style_0DA1C560CD347FAAACD5,"0.7201729198058349,41.59359934730868,232.2364631608104"
1LwIyjK85npCXRou8dCOKt_6zalaSv16c,5GPLAN_Google_Earth,,,,,,,,,,,,,,,,09A2105847347F8A3FCA,RRH,1,#__managed_style_0DA1C560CD347FAAACD5,0B5F4D47C3347FBC6A86,CATR9490A,0.669461743,41.60943892,203.6761468,0,0,35,1067.403917,absolute,#__managed_style_0DA1C560CD347FAAACD5,"0.6675464565890121,41.60971442661454,198.153479659009"
1LwIyjK85npCXRou8dCOKt_6zalaSv16c,5GPLAN_Google_Earth,,,,,,,,,,,,,,,,09A2105847347F8A3FCA,RRH,1,#__managed_style_0DA1C560CD347FAAACD5,08BF9A209F347FBDA4ED,2501016,0.665308869,41.6090509,213.2187076,0,0,35,529.0753387,absolute,#__managed_style_0DA1C560CD347FAAACD5,"0.664914080597887,41.60881977912494,214.9103395220027"
1LwIyjK85npCXRou8dCOKt_6zalaSv16c,5GPLAN_Google_Earth,,,,,,,,,,,,,,,,09A2105847347F8A3FCA,RRH,1,#__managed_style_0DA1C560CD347FAAACD5,046EC8D2A1347FBF07DF,2500388,0.655469359,41.61376063,170.6577321,0,0,35,258.2356801,absolute,#__managed_style_0DA1C560CD347FAAACD5,"0.6553589779386693,41.61370944795806,170.8703461493872"
1LwIyjK85npCXRou8dCOKt_6zalaSv16c,5GPLAN_Google_Earth,,,,,,,,,,,,,,,,09A2105847347F8A3FCA,RRH,1,#__managed_style_0DA1C560CD347FAAACD5,074CAE3705347FBDDD34,2500271,0.665308869,41.6090509,213.2187076,0,0,35,529.0753387,absolute,#__managed_style_0DA1C560CD347FAAACD5,"0.663713554076133,41.60906300829745,216.7351721991802"
1LwIyjK85npCXRou8dCOKt_6zalaSv16c,5GPLAN_Google_Earth,,,,,,,,,,,,,,,,09A2105847347F8A3FCA,RRH,1,#__managed_style_0DA1C560CD347FAAACD5,077783BF10347FBF918B,2500804,0.644989025,41.61560982,155.3735243,0,0,35,261.3637521,absolute,#__managed_style_0DA1C560CD347FAAACD5,"0.6447333741483718,41.61545040756819,155.6083957038573"
1LwIyjK85npCXRou8dCOKt_6zalaSv16c,5GPLAN_Google_Earth,,,,,,,,,,,,,,,,09A2105847347F8A3FCA,RRH,1,#__managed_style_0DA1C560CD347FAAACD5,0B89EB27E5347FC15418,14279,0.633865899,41.61011251,163.6530308,359.1234305,0,35,443.6189273,absolute,#__managed_style_0DA1C560CD347FAAACD5,"0.6342341658556028,41.61024830095956,185.7847715583595"
1LwIyjK85npCXRou8dCOKt_6zalaSv16c,5GPLAN_Google_Earth,,,,,,,,,,,,,,,,09A2105847347F8A3FCA,RRH,1,#__managed_style_0DA1C560CD347FAAACD5,0B4F3FCC01347FBE796A,2500178,0.674511313,41.61203699,205.5044656,0,0,35,1891.101681,absolute,#__managed_style_0DA1C560CD347FAAACD5,"0.6793679459384294,41.61256593399675,216.5041038791999"
1LwIyjK85npCXRou8dCOKt_6zalaSv16c,5GPLAN_Google_Earth,,,,,,,,,,,,,,,,09A2105847347F8A3FCA,RRH,1,#__managed_style_0DA1C560CD347FAAACD5,07A39D9585347FBBE618,CATR5647A,0.66959816,41.60949653,203.9721116,359.9999991,0,35,772.9556945,absolute,#__managed_style_0DA1C560CD347FAAACD5,"0.6715580832506918,41.60951882182135,213.2989609928123"
1LwIyjK85npCXRou8dCOKt_6zalaSv16c,5GPLAN_Google_Earth,,,,,,,,,,,,,,,,09A2105847347F8A3FCA,RRH,1,#__managed_style_0DA1C560CD347FAAACD5,0475EC1A0B347FC0DD2B,2500047,0.633725567,41.61007439,148.4589765,359.1234306,0,35,612.9853407,absolute,#__managed_style_0DA1C560CD347FAAACD5,"0.6326444792638197,41.61046598601153,151.9733684577564"
1LwIyjK85npCXRou8dCOKt_6zalaSv16c,5GPLAN_Google_Earth,,,,,,,,,,,,,,,,09A2105847347F8A3FCA,RRH,1,#__managed_style_0DA1C560CD347FAAACD5,0558C6A907347FC2BF6F,CATR9411Z,0.635847437,41.60989969,143.3011464,359.1234256,0,35,299.8456594,absolute,#__managed_style_0DA1C560CD347FAAACD5,"0.6365136436276009,41.60967192023799,155.9731545742836"
1LwIyjK85npCXRou8dCOKt_6zalaSv16c,5GPLAN_Google_Earth,,,,,,,,,,,,,,,,09A2105847347F8A3FCA,RRH,1,#__managed_style_0DA1C560CD347FAAACD5,0EEE0FF270347FC43F30,2500406,0.631027748,41.61842871,173.0391357,359.1234184,0,35,1021.002085,absolute,#__managed_style_0DA1C560CD347FAAACD5,"0.6331040292350165,41.61763959107632,163.7081988740198"
1LwIyjK85npCXRou8dCOKt_6zalaSv16c,5GPLAN_Google_Earth,,,,,,,,,,,,,,,,09A2105847347F8A3FCA,RRH,1,#__managed_style_0DA1C560CD347FAAACD5,05A311A22C347FC4A646,2500418,0.631034197,41.61843172,173.118669,359.1234183,0,35,1014.273442,absolute,#__managed_style_0DA1C560CD347FAAACD5,"0.6320388215468409,41.61888641462638,169.0240754574976"
1LwIyjK85npCXRou8dCOKt_6zalaSv16c,5GPLAN_Google_Earth,,,,,,,,,,,,,,,,09A2105847347F8A3FCA,RRH,1,#__managed_style_0DA1C560CD347FAAACD5,0FDEA3AA7E347FC50DCB,CATR5644A,0.631034197,41.61843172,173.118669,359.1234183,0,35,1014.273442,absolute,#__managed_style_0DA1C560CD347FAAACD5,"0.6296359217911096,41.61876299828523,156.247985598426"
1LwIyjK85npCXRou8dCOKt_6zalaSv16c,5GPLAN_Google_Earth,,,,,,,,,,,,,,,,09A2105847347F8A3FCA,RRH,1,#__managed_style_0DA1C560CD347FAAACD5,0CEB8C3959347FC181DA,014279,0.633865899,41.61011251,163.6530308,359.1234305,0,35,443.6189273,absolute,#__managed_style_0DA1C560CD347FAAACD5,"0.6342050188587267,41.6103074925036,186.0228255889623"
1LwIyjK85npCXRou8dCOKt_6zalaSv16c,5GPLAN_Google_Earth,,,,,,,,,,,,,,,,09A2105847347F8A3FCA,RRH,1,#__managed_style_0DA1C560CD347FAAACD5,05B64E084B347FC59DF8,2500805,0.631034197,41.61843172,173.118669,359.1234183,0,35,1014.273442,absolute,#__managed_style_0DA1C560CD347FAAACD5,"0.6285343009362321,41.61869467722015,173.4878444150242"
1LwIyjK85npCXRou8dCOKt_6zalaSv16c,5GPLAN_Google_Earth,,,,,,,,,,,,,,,,09A2105847347F8A3FCA,RRH,1,#__managed_style_0DA1C560CD347FAAACD5,050294A234347FC73573,CATR9408AY,0.628434165,41.61632326,145.5949427,359.1234145,0,35,365.2888164,absolute,#__managed_style_0DA1C560CD347FAAACD5,"0.6279635369006975,41.61581256331507,168.9642701863953"
1LwIyjK85npCXRou8dCOKt_6zalaSv16c,5GPLAN_Google_Earth,,,,,,,,,,,,,,,,09A2105847347F8A3FCA,RRH,1,#__managed_style_0DA1C560CD347FAAACD5,00575EB0DC347FC8618F,2500352,0.626711041,41.61501328,170.813881,359.1234083,0,35,409.9164264,absolute,#__managed_style_0DA1C560CD347FAAACD5,"0.6263373315600296,41.61470157822499,171.924118090791"
1LwIyjK85npCXRou8dCOKt_6zalaSv16c,5GPLAN_Google_Earth,,,,,,,,,,,,,,,,09A2105847347F8A3FCA,RRH,1,#__managed_style_0DA1C560CD347FAAACD5,0098517D57347FC8AB52,079977,0.626329685,41.61461348,168.2626329,359.1234071,0,35,412.4676775,absolute,#__managed_style_0DA1C560CD347FAAACD5,"0.6257348552483299,41.61425301649395,164.8719384761382"
1LwIyjK85npCXRou8dCOKt_6zalaSv16c,5GPLAN_Google_Earth,,,,,,,,,,,,,,,,09A2105847347F8A3FCA,RRH,1,#__managed_style_0DA1C560CD347FAAACD5,035C606769347FC6D1F8,1B2L5302,0.629339618,41.61699685,156.880571,359.123417,0,35,354.0031565,absolute,#__managed_style_0DA1C560CD347FAAACD5,"0.6289406987066082,41.61680562831758,170.8998675824637"
1LwIyjK85npCXRou8dCOKt_6zalaSv16c,5GPLAN_Google_Earth,,,,,,,,,,,,,,,,09A2105847347F8A3FCA,RRH,1,#__managed_style_0DA1C560CD347FAAACD5,0BA7B814D5347FC9683A,2500426,0.624958745,41.61377167,164.1576198,359.1234013,0,35,379.8545469,absolute,#__managed_style_0DA1C560CD347FAAACD5,"0.625266967225524,41.61360201646474,169.8791185453638"
1LwIyjK85npCXRou8dCOKt_6zalaSv16c,5GPLAN_Google_Earth,,,,,,,,,,,,,,,,09A2105847347F8A3FCA,RRH,1,#__managed_style_0DA1C560CD347FAAACD5,0CCBD193B5347FCA4BAB,2500283,0.623472322,41.61313193,149.7745982,359.1233991,0,35,505.7900562,absolute,#__managed_style_0DA1C560CD347FAAACD5,"0.6229506294334297,41.61212509711611,167.3277784566861"
1LwIyjK85npCXRou8dCOKt_6zalaSv16c,5GPLAN_Google_Earth,,,,,,,,,,,,,,,,09A2105847347F8A3FCA,RRH,1,#__managed_style_0DA1C560CD347FAAACD5,0E9774B2AA347FC9C31B,CATR9861A,0.624958745,41.61377167,164.1576198,359.1234013,0,35,379.8545469,absolute,#__managed_style_0DA1C560CD347FAAACD5,"0.6244753279458148,41.61362334800187,165.0172709788483"
1LwIyjK85npCXRou8dCOKt_6zalaSv16c,5GPLAN_Google_Earth,,,,,,,,,,,,,,,,09A2105847347F8A3FCA,RRH,1,#__managed_style_0DA1C560CD347FAAACD5,02E9B67465347FCB8323,143725,0.619580008,41.61353543,188.8508158,359.1233883,0,35,375.1432827,absolute,#__managed_style_0DA1C560CD347FAAACD5,"0.6183961564645046,41.61342013426714,181.5750704527205"
1LwIyjK85npCXRou8dCOKt_6zalaSv16c,5GPLAN_Google_Earth,,,,,,,,,,,,,,,,09A2105847347F8A3FCA,RRH,1,#__managed_style_0DA1C560CD347FAAACD5,0FD317E08F347FCC2474,CATR9401AY,0.62110035,41.61520053,174.2773959,359.1233849,0,35,245.1344262,absolute,#__managed_style_0DA1C560CD347FAAACD5,"0.6211793567934687,41.61525003753067,198.3798570515835"
1LwIyjK85npCXRou8dCOKt_6zalaSv16c,5GPLAN_Google_Earth,,,,,,,,,,,,,,,,09A2105847347F8A3FCA,RRH,1,#__managed_style_0DA1C560CD347FAAACD5,0ED97B6327347FCCDF46,2500615,0.620428594,41.61664048,169.1027793,359.1233782,0,35,478.553642,absolute,#__managed_style_0DA1C560CD347FAAACD5,"0.6200948704093734,41.61671240924075,203.9198068355926"
1LwIyjK85npCXRou8dCOKt_6zalaSv16c,5GPLAN_Google_Earth,,,,,,,,,,,,,,,,09A2105847347F8A3FCA,RRH,1,#__managed_style_0DA1C560CD347FAAACD5,014F9B8195347FCD7D72,2500410,0.619803633,41.61752378,170.8886656,359.1233738,0,35,1547.369075,absolute,#__managed_style_0DA1C560CD347FAAACD5,"0.621234208480681,41.61787721875641,185.4545410964289"
1LwIyjK85npCXRou8dCOKt_6zalaSv16c,5GPLAN_Google_Earth,,,,,,,,,,,,,,,,09A2105847347F8A3FCA,RRH,1,#__managed_style_0DA1C560CD347FAAACD5,029C3EBF28347FCDE7D0,2500973,0.619803633,41.61752378,170.8886656,359.1233738,0,35,1547.369075,absolute,#__managed_style_0DA1C560CD347FAAACD5,"0.6190965257641201,41.61837578021468,194.3288640397992"
1LwIyjK85npCXRou8dCOKt_6zalaSv16c,5GPLAN_Google_Earth,,,,,,,,,,,,,,,,09A2105847347F8A3FCA,RRH,1,#__managed_style_0DA1C560CD347FAAACD5,093C613619347FCE3745,2500428,0.619803633,41.61752378,170.8886656,359.1233738,0,35,1547.369075,absolute,#__managed_style_0DA1C560CD347FAAACD5,"0.6169199135211567,41.61789215965838,191.853939146636"
1LwIyjK85npCXRou8dCOKt_6zalaSv16c,5GPLAN_Google_Earth,,,,,,,,,,,,,,,,09A2105847347F8A3FCA,RRH,1,#__managed_style_0DA1C560CD347FAAACD5,0A89AA0F0A347FCB4337,2500003,0.620117809,41.61355658,157.8109625,359.1233893,0,35,406.1831641,absolute,#__managed_style_0DA1C560CD347FAAACD5,"0.619151259147166,41.613854655101,191.0469360018772"
1LwIyjK85npCXRou8dCOKt_6zalaSv16c,5GPLAN_Google_Earth,,,,,,,,,,,,,,,,09A2105847347F8A3FCA,RRH,1,#__managed_style_0DA1C560CD347FAAACD5,05217AFDE4347FCF3F7C,CATR9403C,0.623758753,41.61808828,207.6816862,359.1233717,0,35,1270.410854,absolute,#__managed_style_0DA1C560CD347FAAACD5,"0.6210546192166211,41.61997736138284,202.7868497605241"
1LwIyjK85npCXRou8dCOKt_6zalaSv16c,5GPLAN_Google_Earth,,,,,,,,,,,,,,,,09A2105847347F8A3FCA,RRH,1,#__managed_style_0DA1C560CD347FAAACD5,0DC6B35D8B347FD1E0E8,2500543,0.622917981,41.62251852,162.6781987,359.1233664,0,35,1020.393905,absolute,#__managed_style_0DA1C560CD347FAAACD5,"0.6246171382472965,41.62153353397901,182.8795339386309"
1LwIyjK85npCXRou8dCOKt_6zalaSv16c,5GPLAN_Google_Earth,,,,,,,,,,,,,,,,09A2105847347F8A3FCA,RRH,1,#__managed_style_0DA1C560CD347FAAACD5,03D91EBB47347FCFC5F2,2500254,0.623758753,41.61808828,207.6816862,359.1233717,0,35,1270.410854,absolute,#__managed_style_0DA1C560CD347FAAACD5,"0.6195679102044016,41.61900948479083,194.5052982496041"
1LwIyjK85npCXRou8dCOKt_6zalaSv16c,5GPLAN_Google_Earth,,,,,,,,,,,,,,,,09A2105847347F8A3FCA,RRH,1,#__managed_style_0DA1C560CD347FAAACD5,0119CF290E347FD240E2,2500179,0.622917981,41.62251852,162.6781987,359.1233664,0,35,1020.393905,absolute,#__managed_style_0DA1C560CD347FAAACD5,"0.6231129562803939,41.62268606180444,178.4626176579089"
1LwIyjK85npCXRou8dCOKt_6zalaSv16c,5GPLAN_Google_Earth,,,,,,,,,,,,,,,,09A2105847347F8A3FCA,RRH,1,#__managed_style_0DA1C560CD347FAAACD5,001D614B8A347FCE8A60,2500325,0.619803633,41.61752378,170.8886656,359.1233738,0,35,1547.369075,absolute,#__managed_style_0DA1C560CD347FAAACD5,"0.6172431431528369,41.61717375204887,196.0392170578298"
1LwIyjK85npCXRou8dCOKt_6zalaSv16c,5GPLAN_Google_Earth,,,,,,,,,,,,,,,,09A2105847347F8A3FCA,RRH,1,#__managed_style_0DA1C560CD347FAAACD5,077FDACE0E347FD2931E,CATR9414AY,0.622917981,41.62251852,162.6781987,359.1233664,0,35,1020.393905,absolute,#__managed_style_0DA1C560CD347FAAACD5,"0.6257740091520092,41.62331067833573,177.2005953441636"
1LwIyjK85npCXRou8dCOKt_6zalaSv16c,5GPLAN_Google_Earth,,,,,,,,,,,,,,,,09A2105847347F8A3FCA,RRH,1,#__managed_style_0DA1C560CD347FAAACD5,0427A8C39D347FD2DC61,CATR9404C,0.622917981,41.62251852,162.6781987,359.1233664,0,35,1020.393905,absolute,#__managed_style_0DA1C560CD347FAAACD5,"0.6210638411641867,41.62362433652046,180.5251883657739"
1LwIyjK85npCXRou8dCOKt_6zalaSv16c,5GPLAN_Google_Earth,,,,,,,,,,,,,,,,09A2105847347F8A3FCA,RRH,1,#__managed_style_0DA1C560CD347FAAACD5,0F905F0A6A347FD43F03,2500331,0.623137421,41.62273026,178.4007885,359.1233655,0,35,1413.491089,absolute,#__managed_style_0DA1C560CD347FAAACD5,"0.6179501760519046,41.62185726776128,173.6414000156523"
1LwIyjK85npCXRou8dCOKt_6zalaSv16c,5GPLAN_Google_Earth,,,,,,,,,,,,,,,,09A2105847347F8A3FCA,RRH,1,#__managed_style_0DA1C560CD347FAAACD5,0E0D7D6C0A347FD4A2FB,00754,0.620119999,41.62166702,175.750264,359.1233653,0,35,559.717423,absolute,#__managed_style_0DA1C560CD347FAAACD5,"0.6184021279354823,41.62127556590794,201.7816947944802"
1LwIyjK85npCXRou8dCOKt_6zalaSv16c,5GPLAN_Google_Earth,,,,,,,,,,,,,,,,09A2105847347F8A3FCA,RRH,1,#__managed_style_0DA1C560CD347FAAACD5,01E901B80E347FD57F6D,2500127,0.624819311,41.62569085,158.8939035,359.1233589,0,35,234.5509085,absolute,#__managed_style_0DA1C560CD347FAAACD5,"0.6252881245795927,41.62557787335988,177.9018508417963"
1LwIyjK85npCXRou8dCOKt_6zalaSv16c,5GPLAN_Google_Earth,,,,,,,,,,,,,,,,09A2105847347F8A3FCA,RRH,1,#__managed_style_0DA1C560CD347FAAACD5,0D0D3071AF347FD66043,143059,0.623510116,41.62769674,171.0421539,359.1233534,0,35,1168.23556,absolute,#__managed_style_0DA1C560CD347FAAACD5,"0.6293434493832972,41.62593312935647,169.1018805733566"
1LwIyjK85npCXRou8dCOKt_6zalaSv16c,5GPLAN_Google_Earth,,,,,,,,,,,,,,,,09A2105847347F8A3FCA,RRH,1,#__managed_style_0DA1C560CD347FAAACD5,0C945502F8347FD6B8FA,CATR5628A,0.623510116,41.62769674,171.0421539,359.1233534,0,35,1168.23556,absolute,#__managed_style_0DA1C560CD347FAAACD5,"0.6244868760500877,41.63002468678612,175.9608591706994"
1LwIyjK85npCXRou8dCOKt_6zalaSv16c,5GPLAN_Google_Earth,,,,,,,,,,,,,,,,09A2105847347F8A3FCA,RRH,1,#__managed_style_0DA1C560CD347FAAACD5,0184507AA7347FD7A298,CATR9415L,0.622419727,41.62985257,160.0784984,359.1233496,0,35,350.8706344,absolute,#__managed_style_0DA1C560CD347FAAACD5,"0.622289644280738,41.63000930995971,175.812230694247"
1LwIyjK85npCXRou8dCOKt_6zalaSv16c,5GPLAN_Google_Earth,,,,,,,,,,,,,,,,09A2105847347F8A3FCA,RRH,1,#__managed_style_0DA1C560CD347FAAACD5,03C4C4CE66347FD3BC0D,251207,0.623137421,41.62273026,178.4007885,359.1233655,0,35,1413.491089,absolute,#__managed_style_0DA1C560CD347FAAACD5,"0.6188207264714962,41.6225670049887,195.6667761373267"
1LwIyjK85npCXRou8dCOKt_6zalaSv16c,5GPLAN_Google_Earth,,,,,,,,,,,,,,,,09A2105847347F8A3FCA,RRH,1,#__managed_style_0DA1C560CD347FAAACD5,04907EBF4D347FB8A5C7,2500293,0.787838357,41.56310625,267.5354699,0,0,35,543.9093268,absolute,#__managed_style_0DA1C560CD347FAAACD5,"0.7896956948859324,41.56277820318736,263.030246245472"
1LwIyjK85npCXRou8dCOKt_6zalaSv16c,5GPLAN_Google_Earth,,,,,,,,,,,,,,,,09A2105847347F8A3FCA,RRH,1,#__managed_style_0DA1C560CD347FAAACD5,02C2ACD0FC347FD991B4,CATR5650A,0.629629573,41.63650753,183.0903718,359.1233439,0,35,487.144651,absolute,#__managed_style_0DA1C560CD347FAAACD5,"0.6288518521485775,41.63704725377813,190.0949927071414"
1LwIyjK85npCXRou8dCOKt_6zalaSv16c,5GPLAN_Google_Earth,,,,,,,,,,,,,,,,09A2105847347F8A3FCA,RRH,1,#__managed_style_0DA1C560CD347FAAACD5,0B1E8AE08B347FD71FE9,025225,0.624710113,41.62974051,158.424,359.1233514,0,35,375.136538,absolute,#__managed_style_0DA1C560CD347FAAACD5,"0.6246437833252405,41.630104472819,175.8456138642291"
1LwIyjK85npCXRou8dCOKt_6zalaSv16c,5GPLAN_Google_Earth,,,,,,,,,,,,,,,,09A2105847347F8A3FCA,RRH,1,#__managed_style_0DA1C560CD347FAAACD5,09EB427B2C347FDDFB04,2500319,0.618335272,41.60948535,148.6723297,359.123317,0,35,1579.090957,absolute,#__managed_style_0DA1C560CD347FAAACD5,"0.6161501092546651,41.61017937329684,184.6546736277545"
1LwIyjK85npCXRou8dCOKt_6zalaSv16c,5GPLAN_Google_Earth,,,,,,,,,,,,,,,,09A2105847347F8A3FCA,RRH,1,#__managed_style_0DA1C560CD347FAAACD5,004CFB7957347FD908F2,064176,0.631885934,41.63607345,163.1714077,359.1233439,0,35,1444.600433,absolute,#__managed_style_0DA1C560CD347FAAACD5,"0.6407956414403482,41.63441807504238,152.4696693389341"
1LwIyjK85npCXRou8dCOKt_6zalaSv16c,5GPLAN_Google_Earth,,,,,,,,,,,,,,,,09A2105847347F8A3FCA,RRH,1,#__managed_style_0DA1C560CD347FAAACD5,0FBF0612C4347FDEA3B9,27960,0.616807324,41.61200462,151.2332761,359.1233152,0,35,1576.529925,absolute,#__managed_style_0DA1C560CD347FAAACD5,"0.6136169699272065,41.61242063864179,187.0220494138375"
1LwIyjK85npCXRou8dCOKt_6zalaSv16c,5GPLAN_Google_Earth,,,,,,,,,,,,,,,,09A2105847347F8A3FCA,RRH,1,#__managed_style_0DA1C560CD347FAAACD5,0DAEB2063C347FDF4AE0,CATR9406H,0.61351957,41.61322183,158.1142113,359.1233144,0,35,254.5682654,absolute,#__managed_style_0DA1C560CD347FAAACD5,"0.6130089224857094,41.61352653486638,192.9471061091258"
1LwIyjK85npCXRou8dCOKt_6zalaSv16c,5GPLAN_Google_Earth,,,,,,,,,,,,,,,,09A2105847347F8A3FCA,RRH,1,#__managed_style_0DA1C560CD347FAAACD5,009269155E347FDD946A,2500792,0.618335272,41.60948535,148.6723297,359.123317,0,35,1579.090957,absolute,#__managed_style_0DA1C560CD347FAAACD5,"0.6201089565892159,41.60934132816067,179.3532773866978"
1LwIyjK85npCXRou8dCOKt_6zalaSv16c,5GPLAN_Google_Earth,,,,,,,,,,,,,,,,09A2105847347F8A3FCA,RRH,1,#__managed_style_0DA1C560CD347FAAACD5,0419DD1F06347FDE6801,2500361,0.617514048,41.61102469,155.4020365,359.1233159,0,35,1572.361109,absolute,#__managed_style_0DA1C560CD347FAAACD5,"0.614739017616448,41.61174621931842,152.6972063909479"
1LwIyjK85npCXRou8dCOKt_6zalaSv16c,5GPLAN_Google_Earth,,,,,,,,,,,,,,,,09A2105847347F8A3FCA,RRH,1,#__managed_style_0DA1C560CD347FAAACD5,09E05C85CC347FE19036,078625,0.613731292,41.62499116,170.6307673,359.1233048,0,35,1151.550748,absolute,#__managed_style_0DA1C560CD347FAAACD5,"0.613288005917334,41.62633783803842,199.5963008085799"
1LwIyjK85npCXRou8dCOKt_6zalaSv16c,5GPLAN_Google_Earth,,,,,,,,,,,,,,,,09A2105847347F8A3FCA,RRH,1,#__managed_style_0DA1C560CD347FAAACD5,0EB729648E347FE0B687,2500157,0.613103874,41.61628446,176.3657726,359.1233124,0,35,483.686275,absolute,#__managed_style_0DA1C560CD347FAAACD5,"0.6124844372004667,41.61707766955404,177.756884066722"
1LwIyjK85npCXRou8dCOKt_6zalaSv16c,5GPLAN_Google_Earth,,,,,,,,,,,,,,,,09A2105847347F8A3FCA,RRH,1,#__managed_style_0DA1C560CD347FAAACD5,0B60710EA7347FE07B02,2500253,0.613103874,41.61628446,176.3657726,359.1233124,0,35,483.686275,absolute,#__managed_style_0DA1C560CD347FAAACD5,"0.6131241692395495,41.61697199004963,195.9612439694492"
1LwIyjK85npCXRou8dCOKt_6zalaSv16c,5GPLAN_Google_Earth,,,,,,,,,,,,,,,,09A2105847347F8A3FCA,RRH,1,#__managed_style_0DA1C560CD347FAAACD5,0B774BFC5B347FE29C8E,2500545,0.608488539,41.62995679,175.0348939,359.1233009,0,35,723.4050002,absolute,#__managed_style_0DA1C560CD347FAAACD5,"0.6072031694985447,41.63027423064788,185.6259136560687"
1LwIyjK85npCXRou8dCOKt_6zalaSv16c,5GPLAN_Google_Earth,,,,,,,,,,,,,,,,09A2105847347F8A3FCA,RRH,1,#__managed_style_0DA1C560CD347FAAACD5,06FA1CDC6A347FE36782,CATR9703A,0.599962147,41.63106962,177.7271673,359.1232947,0,35,1135.187548,absolute,#__managed_style_0DA1C560CD347FAAACD5,"0.5967253994129451,41.63060588272607,198.6703281143669"
1LwIyjK85npCXRou8dCOKt_6zalaSv16c,5GPLAN_Google_Earth,,,,,,,,,,,,,,,,09A2105847347F8A3FCA,RRH,1,#__managed_style_0DA1C560CD347FAAACD5,03FAD3D867347FDFDB55,2500403,0.612313624,41.61329364,157.7909558,359.123314,0,35,868.8879637,absolute,#__managed_style_0DA1C560CD347FAAACD5,"0.6101994272299494,41.61287133902815,177.9564901239263"
1LwIyjK85npCXRou8dCOKt_6zalaSv16c,5GPLAN_Google_Earth,,,,,,,,,,,,,,,,09A2105847347F8A3FCA,RRH,1,#__managed_style_0DA1C560CD347FAAACD5,0E760AD587347FE2DF05,CATR5642A,0.608488539,41.62995679,175.0348939,359.1233009,0,35,723.4050002,absolute,#__managed_style_0DA1C560CD347FAAACD5,"0.6072203835553447,41.63062588020795,189.4809123763531"
1LwIyjK85npCXRou8dCOKt_6zalaSv16c,5GPLAN_Google_Earth,,,,,,,,,,,,,,,,09A2105847347F8A3FCA,RRH,1,#__managed_style_0DA1C560CD347FAAACD5,033BCDE5D8347FF06122,065334,0.642693292,41.60416101,157.4967409,2.205084192,0,35,2848.945456,absolute,#__managed_style_0DA1C560CD347FAAACD5,"0.6420619032196795,41.60370284990187,166.5747939114138"
1LwIyjK85npCXRou8dCOKt_6zalaSv16c,5GPLAN_Google_Earth,,,,,,,,,,,,,,,,09A2105847347F8A3FCA,RRH,1,#__managed_style_0DA1C560CD347FAAACD5,03C32E3E1B347FE5BF4E,52182,0.567288495,41.62366939,174.067093,359.1232732,0,35,960.1071144,absolute,#__managed_style_0DA1C560CD347FAAACD5,"0.5664728064411095,41.62261341488203,174.2549312365183"
1LwIyjK85npCXRou8dCOKt_6zalaSv16c,5GPLAN_Google_Earth,,,,,,,,,,,,,,,,09A2105847347F8A3FCA,RRH,1,#__managed_style_0DA1C560CD347FAAACD5,0422CA6585347FF14F4A,CATR5635A,0.643417915,41.60085286,170.9972505,2.205084192,0,35,808.01135,absolute,#__managed_style_0DA1C560CD347FAAACD5,"0.6441731682227436,41.60030352373233,172.3034407919427"
1LwIyjK85npCXRou8dCOKt_6zalaSv16c,5GPLAN_Google_Earth,,,,,,,,,,,,,,,,09A2105847347F8A3FCA,RRH,1,#__managed_style_0DA1C560CD347FAAACD5,049C9A10DD347FF0B598,CATR9412P,0.642693292,41.60416101,157.4967409,2.205084192,0,35,2848.945456,absolute,#__managed_style_0DA1C560CD347FAAACD5,"0.6444186003795016,41.60321681825945,170.8825405756076"
1LwIyjK85npCXRou8dCOKt_6zalaSv16c,5GPLAN_Google_Earth,,,,,,,,,,,,,,,,09A2105847347F8A3FCA,RRH,1,#__managed_style_0DA1C560CD347FAAACD5,032B225557347FF1A116,CATR9419C,0.643417915,41.60085286,170.9972505,2.205084192,0,35,808.01135,absolute,#__managed_style_0DA1C560CD347FAAACD5,"0.6445564096791334,41.60026258787991,172.151617333497"
1LwIyjK85npCXRou8dCOKt_6zalaSv16c,5GPLAN_Google_Earth,,,,,,,,,,,,,,,,09A2105847347F8A3FCA,RRH,1,#__managed_style_0DA1C560CD347FAAACD5,019C643F40347FF6356C,2500350,0.607648356,41.57269272,149.3409503,2.205084191,0,35,954.1737417,absolute,#__managed_style_0DA1C560CD347FAAACD5,"0.6049972318126273,41.57174691179195,145.0139503715944"
1LwIyjK85npCXRou8dCOKt_6zalaSv16c,5GPLAN_Google_Earth,,,,,,,,,,,,,,,,09A2105847347F8A3FCA,RRH,1,#__managed_style_0DA1C560CD347FAAACD5,0FC8AE921D347FF6AA9C,000550,0.616437957,41.55769346,181.9381493,2.205084191,0,35,1736.32946,absolute,#__managed_style_0DA1C560CD347FAAACD5,"0.6232804845885798,41.5596733790487,182.2187565084102"
1LwIyjK85npCXRou8dCOKt_6zalaSv16c,5GPLAN_Google_Earth,,,,,,,,,,,,,,,,09A2105847347F8A3FCA,RRH,1,#__managed_style_0DA1C560CD347FAAACD5,071B7DDA59347FF6FE07,2500097,0.615535334,41.55868512,172.648751,2.205084191,0,35,657.5160452,absolute,#__managed_style_0DA1C560CD347FAAACD5,"0.6142045367834159,41.55860636885971,179.8061236797932"
1LwIyjK85npCXRou8dCOKt_6zalaSv16c,5GPLAN_Google_Earth,,,,,,,,,,,,,,,,09A2105847347F8A3FCA,RRH,1,#__managed_style_0DA1C560CD347FAAACD5,02D5F1EB54347FF36521,2500386,0.629388537,41.60450104,143.8160134,2.205084192,0,35,2176.221939,absolute,#__managed_style_0DA1C560CD347FAAACD5,"0.6234264925586341,41.60561748412892,150.191394654562"
1LwIyjK85npCXRou8dCOKt_6zalaSv16c,5GPLAN_Google_Earth,,,,,,,,,,,,,,,,09A2105847347F8A3FCA,RRH,1,#__managed_style_0DA1C560CD347FAAACD5,09B5DC66EA347FF1F63A,CATR9530A,0.643745389,41.60106793,169.8693124,2.205084192,0,35,1648.134615,absolute,#__managed_style_0DA1C560CD347FAAACD5,"0.653428460844685,41.5986794253603,172.5433646651884"
1LwIyjK85npCXRou8dCOKt_6zalaSv16c,5GPLAN_Google_Earth,,,,,,,,,,,,,,,,09A2105847347F8A3FCA,RRH,1,#__managed_style_0DA1C560CD347FAAACD5,0057699983347FF8142B,2500260,0.579797263,41.54951377,164.9947811,136.5183977,0,35,407.5605161,absolute,#__managed_style_0DA1C560CD347FAAACD5,"0.5798966821768858,41.54919894033083,165.7185839946702"
1LwIyjK85npCXRou8dCOKt_6zalaSv16c,5GPLAN_Google_Earth,,,,,,,,,,,,,,,,09A2105847347F8A3FCA,RRH,1,#__managed_style_0DA1C560CD347FAAACD5,0708AB478A347FF9F73A,CATR9855A,0.534021365,41.55745129,122.1675603,1.066656026,0.30783842,35,9858.475073,absolute,#__managed_style_0DA1C560CD347FAAACD5,"0.5071666129457042,41.53931720816545,115.7412047185052"
1LwIyjK85npCXRou8dCOKt_6zalaSv16c,5GPLAN_Google_Earth,,,,,,,,,,,,,,,,09A2105847347F8A3FCA,RRH,1,#__managed_style_0DA1C560CD347FAAACD5,01B2FF0C7E347FFA8520,199443,0.52473039,41.56276184,128.08262,1.06664884,0.30739784,35,726.0638417,absolute,#__managed_style_0DA1C560CD347FAAACD5,"0.5243319673318192,41.56279295790426,129.4844468506107"
1LwIyjK85npCXRou8dCOKt_6zalaSv16c,5GPLAN_Google_Earth,,,,,,,,,,,,,,,,09A2105847347F8A3FCA,RRH,1,#__managed_style_0DA1C560CD347FAAACD5,0E922808BD347FFC2645,2501044,0.502031535,41.55502433,135.1106432,1.0666491,0.307413323,35,1047.788622,absolute,#__managed_style_0DA1C560CD347FAAACD5,"0.4998732554472252,41.55498822167779,128.9303924958799"
1LwIyjK85npCXRou8dCOKt_6zalaSv16c,5GPLAN_Google_Earth,,,,,,,,,,,,,,,,09A2105847347F8A3FCA,RRH,1,#__managed_style_0DA1C560CD347FAAACD5,0FAF88FA70347FFD169B,2500603,0.545646267,41.573839,134.7954607,1.066649368,0.307427413,35,1340.903298,absolute,#__managed_style_0DA1C560CD347FAAACD5,"0.5481457253912669,41.57402388379958,139.3081751472454"
1LwIyjK85npCXRou8dCOKt_6zalaSv16c,5GPLAN_Google_Earth,,,,,,,,,,,,,,,,09A2105847347F8A3FCA,RRH,1,#__managed_style_0DA1C560CD347FAAACD5,02CE7F1824347FFE0794,195269,0.574846793,41.58965828,167.0388197,1.066648696,0.30738897,35,544.7848838,absolute,#__managed_style_0DA1C560CD347FAAACD5,"0.5751820418146125,41.58938700174477,164.5596085591345"
1LwIyjK85npCXRou8dCOKt_6zalaSv16c,5GPLAN_Google_Earth,,,,,,,,,,,,,,,,09A2105847347F8A3FCA,RRH,1,#__managed_style_0DA1C560CD347FAAACD5,0115150850347FFE8261,2500704,0.584062514,41.59870616,176.879369,1.066649909,0.307461613,35,2050.860608,absolute,#__managed_style_0DA1C560CD347FAAACD5,"0.5807148894169667,41.60131359170315,185.8498067930787"
1LwIyjK85npCXRou8dCOKt_6zalaSv16c,5GPLAN_Google_Earth,,,,,,,,,,,,,,,,09A2105847347F8A3FCA,RRH,1,#__managed_style_0DA1C560CD347FAAACD5,0976A35033347FFB18AC,CATR5344A,0.522372807,41.56947308,143.4229999,1.066649067,0.307411462,35,1008.657695,absolute,#__managed_style_0DA1C560CD347FAAACD5,"0.5211888535104459,41.56963102206773,141.9234197860316"
1LwIyjK85npCXRou8dCOKt_6zalaSv16c,5GPLAN_Google_Earth,,,,,,,,,,,,,,,,09A2105847347F8A3FCA,RRH,1,#__managed_style_0DA1C560CD347FAAACD5,0959B984EF347FFFA36D,CATR5646A,0.609025423,41.60619216,209.1385625,1.066649043,0.307409752,35,976.5938971,absolute,#__managed_style_0DA1C560CD347FAAACD5,"0.6072413559541023,41.60509379844925,210.0503499886452"
1LwIyjK85npCXRou8dCOKt_6zalaSv16c,5GPLAN_Google_Earth,,,,,,,,,,,,,,,,09A2105847347F8A3FCA,RRH,1,#__managed_style_0DA1C560CD347FAAACD5,0825068F9E3480002E83,1B2L5300,0.611193122,41.60822782,198.5691392,1.066649065,0.307411051,35,1003.631772,absolute,#__managed_style_0DA1C560CD347FAAACD5,"0.6119771278736397,41.60842960968708,205.6989691085594"
1LwIyjK85npCXRou8dCOKt_6zalaSv16c,5GPLAN_Google_Earth,,,,,,,,,,,,,,,,09A2105847347F8A3FCA,RRH,1,#__managed_style_0DA1C560CD347FAAACD5,0024BDC5B9347FDEF754,2500867,0.61351957,41.61322183,158.5327301,359.1233144,0,35,254.1497475,absolute,#__managed_style_0DA1C560CD347FAAACD5,"0.6130405802878092,41.61331440655809,190.5125115488131"
1LwIyjK85npCXRou8dCOKt_6zalaSv16c,5GPLAN_Google_Earth,,,,,,,,,,,,,,,,09A2105847347F8A3FCA,RRH,1,#__managed_style_0DA1C560CD347FAAACD5,031FBC7D46347FFEFA7C,61137,0.603158051,41.60286527,165.4151932,1.066649624,0.307445976,35,1727.015032,absolute,#__managed_style_0DA1C560CD347FAAACD5,"0.6040456059150645,41.60116038889744,152.2315493956185"
1LwIyjK85npCXRou8dCOKt_6zalaSv16c,5GPLAN_Google_Earth,,,,,,,,,,,,,,,,09A533AB41347F8A7BCA,Work_Zone,1,#__managed_style_0DA1C560CD347FAAACD5,,,,,,,,,,,,
